{
  "model": "gpt2",
  "baseline_ppl": 31.58563325134583,
  "block": 512,
  "eval_seqs": 64,
  "sink": 4,
  "window": 64,
  "spearman": {
    "dropped_mass": 0.5332851056988989,
    "max_share": 0.04084478739651153,
    "sink_mass": 0.167968812796399
  },
  "residual": [
    [
      0.26009245961904526,
      0.039193452103063464,
      0.2936556227505207,
      1.4812226822868979e-05,
      0.006921089719980955,
      0.3221620097756386,
      0.2517746537923813,
      0.006780614494346082,
      0.20033991895616055,
      0.22219747491180897,
      0.1492700781673193,
      0.7573757767677307
    ],
    [
      0.06490021711215377,
      0.033854660810902715,
      0.6008250787854195,
      0.3012038879096508,
      0.07214707136154175,
      0.36229367554187775,
      0.40763914957642555,
      0.37665217742323875,
      0.5706844329833984,
      0.6230882480740547,
      0.5164481624960899,
      0.08338399603962898
    ],
    [
      0.05733069917187095,
      0.5332832932472229,
      0.002519905858207494,
      0.023609929950907826,
      0.04675939492881298,
      0.020072014071047306,
      0.03795304149389267,
      0.24408547207713127,
      0.028668945422396064,
      0.01716172369197011,
      0.018935799598693848,
      0.0990735087543726
    ],
    [
      0.375686164945364,
      0.0006918612998561002,
      7.251571742017404e-05,
      3.4818805261238595e-05,
      0.3866755738854408,
      0.01811526296660304,
      0.0008401797531405464,
      0.0001364781019219663,
      0.00023938025151437614,
      0.0007881352357799187,
      0.006595058424863964,
      0.0016334627434844151
    ],
    [
      0.0004265854040568229,
      0.0011456894426373765,
      0.057102398946881294,
      0.0011420278897276148,
      0.19798610173165798,
      0.0013260375999379903,
      0.00368261308176443,
      0.02563356515020132,
      0.28912634029984474,
      0.0031052890117280185,
      0.3006620295345783,
      8.10333811163133e-09
    ],
    [
      0.24475404247641563,
      0.09963082801550627,
      0.0015606090892106295,
      0.0043565269152168185,
      0.0017113751237047836,
      0.23773343116044998,
      0.0012237030605319887,
      0.002563231420936063,
      0.005956220149528235,
      0.24107526242733002,
      0.28624061681330204,
      0.13568140659481287
    ],
    [
      0.0026407172554172575,
      0.001654665742535144,
      0.20519915595650673,
      0.014256612514145672,
      0.2902526371181011,
      0.006077977130189538,
      0.21586957946419716,
      0.0110545523930341,
      0.0015001470310380682,
      0.16172929480671883,
      0.3511049412190914,
      0.0022441245382651687
    ],
    [
      0.0009021191654028371,
      0.283125638961792,
      0.11881314683705568,
      0.00529382488457486,
      0.0018510330555727705,
      0.08950664941221476,
      0.2739113252609968,
      0.18609263747930527,
      0.0016545826802030206,
      0.0020014570909552276,
      0.1594560146331787,
      0.2503563445061445
    ],
    [
      0.24676761589944363,
      0.14990303665399551,
      0.4195886328816414,
      0.10659797303378582,
      0.0022026396763976663,
      0.003206222056178376,
      0.18743828684091568,
      0.0013471691636368632,
      0.04680102504789829,
      0.0998163940384984,
      0.057958113960921764,
      0.06350346794351935
    ],
    [
      0.16827513463795185,
      0.18949549086391926,
      0.1620270274579525,
      0.002544786621001549,
      0.21226774714887142,
      0.13448866829276085,
      0.21532199904322624,
      0.04310904070734978,
      0.22976296208798885,
      0.2121244203299284,
      0.001998872641706839,
      0.3877205364406109
    ],
    [
      0.27062332443892956,
      0.24497095122933388,
      0.3120054304599762,
      0.3351765163242817,
      0.2684774734079838,
      0.004696032381616533,
      0.22596817836165428,
      0.2944888286292553,
      0.30387213081121445,
      0.003587560204323381,
      0.2457851506769657,
      0.2083206120878458
    ],
    [
      0.46913739666342735,
      0.2746063061058521,
      0.28880319371819496,
      0.0894774105399847,
      0.4129602313041687,
      0.294004887342453,
      0.2609395198523998,
      0.27497006207704544,
      0.2890735790133476,
      0.2577130198478699,
      0.22107371501624584,
      0.2269707452505827
    ]
  ],