{"model": "meta-llama/Llama-3.2-1B", "position": "RoPE", "attention": "GQA", "base_ppl": 12.477596071942806, "sink": 4, "window": 64, "n_layers": 16, "n_heads": 32, "n_kv_heads": 8, "n_rep": 4, "gqa_ratio": 4, "free_pct_group": 85.15625, "spearman_dropped_mass_group": 0.5630616002420615, "dropped_mass_group": [[0.047028351575136185, 0.06607277691364288, 0.31095826625823975, 0.4803121089935303, 0.2182418406009674, 0.32544463872909546, 0.06869371235370636, 0.4298557639122009], [0.3900957703590393, 0.46517762541770935, 0.346248060464859, 0.49051302671432495, 0.4298662543296814, 0.4197646975517273, 0.4659781754016876, 0.4054713249206543], [0.02130516804754734, 0.12549835443496704, 0.010579668916761875, 0.10544531792402267, 0.10549608618021011, 0.037157297134399414, 0.02590080350637436, 0.0009275216143578291], [0.09308387339115143, 0.0013191117905080318, 0.010087281465530396, 0.10964630544185638, 0.0026331504341214895, 0.17407825589179993, 0.05330587178468704, 0.03824935853481293], [0.1648188829421997, 0.0592680387198925, 0.13613200187683105, 0.031091589480638504, 0.08137529343366623, 0.12381668388843536, 0.007268910296261311, 0.0635862946510315], [0.07280043512582779, 0.16716855764389038, 0.06430976837873459, 0.003457925980910659, 0.13981039822101593, 0.09606806933879852, 0.11946631968021393, 0.022561585530638695], [0.001997985178604722, 0.11369293928146362, 0.10810915380716324, 0.0726555734872818, 0.14186438918113708, 0.03215928003191948, 0.10984773933887482, 0.17305007576942444], [0.21280601620674133, 0.08299636840820312, 0.1918981671333313, 0.2156042754650116, 0.07697100937366486, 0.14892366528511047, 0.19890227913856506, 0.1623414009809494], [0.1723957359790802, 0.12123513221740723, 0.02961624227464199, 0.19953089952468872, 0.09421935677528381, 0.16281117498874664, 0.1741417497396469, 0.1558072865009308], [0.15137994289398193, 0.04839763045310974, 0.18295279145240784, 0.13060982525348663, 0.07762665301561356, 0.10776152461767197, 0.14968757331371307, 0.011751383543014526], [0.034081488847732544, 0.05001663789153099, 0.12231825292110443, 0.18179965019226074, 0.025939978659152985, 0.10729367285966873, 0.16201500594615936, 0.06121573597192764], [0.15291690826416016, 0.1236460730433464, 0.018703468143939972, 0.05838967114686966, 0.045414019376039505, 0.10013727098703384, 0.1029282957315445, 0.004590601194649935], [0.0990942195057869, 0.17372089624404907, 0.07447152584791183, 0.13783369958400726, 0.059173159301280975, 0.015243437141180038, 0.07719182968139648, 0.06058202683925629], [0.07271970063447952, 0.0604492723941803, 0.058315686881542206, 0.05760294571518898, 0.13383948802947998, 0.12561798095703125, 0.0014961976557970047, 0.07898035645484924], [0.08063927292823792, 0.056425243616104126, 0.0922912210226059, 0.11025755107402802, 0.25367143750190735, 0.14784212410449982, 0.08268546313047409, 0.11192554235458374], [0.0816938728094101, 0.11703469604253769, 0.04472924396395683, 0.07551493495702744, 0.1644045114517212, 0.0905151516199112, 0.04890450835227966, 0.09827397763729095]], "delta_ppl_group": [[0.0026590919587761164, 0.001251748064532876, 0.019855327904224396, -0.0016531860455870628, -0.0027945968322455883, 0.0032772724516689777, 0.002203101059421897, 0.07620003074407578], [0.14010003209114075, 0.27020102739334106, 0.06551935523748398, 0.09077869355678558, 0.3226310610771179, 0.36313071846961975, 2.0888116359710693, 0.07464224100112915], [-0.022865600883960724, 0.0023533604107797146, -0.0016279027331620455, 0.029174596071243286, 0.01833953522145748, 0.03339909389615059, 0.01765730232000351, -1.933677413035184e-05], [0.019873950630426407, -3.198003469151445e-05, -0.0030124569311738014, 0.026440542191267014, 0.00027666790992952883, 0.02614019066095352, 0.0036879219114780426, 0.000994396861642599], [0.0018527507781982422, 0.0019501933129504323, 0.00833545159548521, 0.004565061070024967, 0.005396875087171793, 0.0019018438179045916, 0.00036219818866811693, 0.02594790980219841], [0.002650165231898427, 0.011506229639053345, 0.03702378645539284, -0.000623967731371522, 0.011708710342645645, 0.015226593241095543, 0.01516776718199253, -0.00013833165576215833], [-0.0004417634627316147, 0.016282523050904274, 0.020136160776019096, 0.0022722797002643347, 0.01510521862655878, 0.002094498835504055, 0.007981952279806137, 0.0042830901220440865], [-0.0008113750373013318, -0.0037849743384867907, 0.022808484733104706, 0.016283268108963966, 0.0039073871448636055, 0.012335527688264847, 0.012127825990319252, -0.010313400067389011], [0.01997525803744793, -0.0015356928342953324, 0.0015016664983704686, 0.011538983322679996, 0.011009719222784042, 0.012214926071465015, 0.018740996718406677, -0.002050274983048439], [0.017099479213356972, 0.002392785158008337, 0.11876372247934341, 0.017092030495405197, 0.0144819850102067, 0.011701266281306744, 0.004148430656641722, -0.0003934231062885374], [4.685461681219749e-05, 0.0038181126583367586, 0.0010033221915364265, 0.017955215647816658, 0.00014502675912808627, 0.04833121597766876, 0.12054625153541565, 0.007143269293010235], [0.008649516850709915, -0.0007228775066323578, 0.0008411786984652281, 0.009332001209259033, 0.007437210995703936, 0.0037251191679388285, 0.008533415384590626, 0.00033170473761856556], [0.0013134833425283432, 0.13467048108577728, 0.00500625791028142, 0.016256459057331085, 0.004967568442225456, 0.0012324093841016293, 0.0028383685275912285, 0.0017196052940562367], [0.010752166621387005, 0.00010114669566974044, -0.0002283207722939551, 0.002226160606369376, 0.05449967831373215, 0.10077311098575592, 0.00014502675912808627, 0.008187352679669857], [0.057845063507556915, -0.0010538105852901936, 0.057998232543468475, 0.023179540410637856, 0.018224088475108147, 0.06221676990389824, 0.0013186900177970529, 0.06033637747168541], [0.0012681116349995136, 0.006759294308722019, -3.272375397500582e-05, 0.0032393326982855797, 0.14093561470508575, 0.02600678615272045, 0.0008114278316497803, 0.016141777858138084]], "bulk": {"K": 64, "base": 12.477596071942806, "map_guided": 13.145916754930628, "random": 14.942695123616081}}