{
 "base_ppl": 12.477596071942806,
 "base_ppl_recorded": 12.477596071942806,
 "arms": {
  "map25": 12.439740860816677,
  "map50": 12.56986638010936,
  "map75": 13.205134685961923
 }
}